{"cameraMode":{"drawMode":0,"name":"Shaded","section":"Shading Mode"},"sceneLighting":false,"audioPlay":false,"sceneViewState":{"m_AlwaysRefresh":false,"showFog":true,"showSkybox":false,"showFlares":true,"showImageEffects":true,"showParticleSystems":true,"showVisualEffectGraphs":true,"m_FxEnabled":true},"in2DMode":false,"pivot":{"x":62.46358871459961,"y":-14.735072135925293,"z":-0.36724090576171877},"rotation":{"x":0.00014749905676580966,"y":0.999016284942627,"z":-0.044796451926231387,"w":0.0032981415279209615},"size":63.32918167114258,"orthographic":false}