{"cameraMode":{"drawMode":0,"name":"Shaded","section":"Shading Mode"},"sceneLighting":true,"audioPlay":false,"sceneViewState":{"m_AlwaysRefresh":false,"showFog":true,"showSkybox":true,"showFlares":true,"showImageEffects":true,"showParticleSystems":true,"showVisualEffectGraphs":true,"m_FxEnabled":true},"in2DMode":false,"pivot":{"x":321.8522033691406,"y":26.12257957458496,"z":428.8472900390625},"rotation":{"x":0.02218788117170334,"y":-0.008901001885533333,"z":-0.00019727894687093794,"w":-0.9997227787971497},"size":16.100927352905275,"orthographic":false}