{"cameraMode":{"drawMode":0,"name":"Shaded","section":"Shading Mode"},"sceneLighting":true,"audioPlay":false,"sceneViewState":{"m_AlwaysRefresh":false,"showFog":true,"showSkybox":true,"showFlares":true,"showImageEffects":true,"showParticleSystems":true,"showVisualEffectGraphs":true,"m_FxEnabled":true},"in2DMode":false,"pivot":{"x":347.14300537109377,"y":0.988216757774353,"z":444.40679931640627},"rotation":{"x":-0.019161192700266839,"y":-0.6092945337295532,"z":-0.014766368083655835,"w":0.792713463306427},"size":3.6028363704681398,"orthographic":false}